time,L_SHOULDER_PITCH_q,L_SHOULDER_PITCH_dq,L_SHOULDER_PITCH_tau,L_SHOULDER_ROLL_q,L_SHOULDER_ROLL_dq,L_SHOULDER_ROLL_tau,L_SHOULDER_YAW_q,L_SHOULDER_YAW_dq,L_SHOULDER_YAW_tau,L_ELBOW_q,L_ELBOW_dq,L_ELBOW_tau,L_WRIST_ROLL_q,L_WRIST_ROLL_dq,L_WRIST_ROLL_tau,L_WRIST_PITCH_q,L_WRIST_PITCH_dq,L_WRIST_PITCH_tau,L_WRIST_YAW_q,L_WRIST_YAW_dq,L_WRIST_YAW_tau,WAIST_YAW_q,WAIST_YAW_dq,WAIST_YAW_tau,R_SHOULDER_PITCH_q,R_SHOULDER_PITCH_dq,R_SHOULDER_PITCH_tau,R_SHOULDER_ROLL_q,R_SHOULDER_ROLL_dq,R_SHOULDER_ROLL_tau,R_SHOULDER_YAW_q,R_SHOULDER_YAW_dq,R_SHOULDER_YAW_tau,R_ELBOW_q,R_ELBOW_dq,R_ELBOW_tau,R_WRIST_ROLL_q,R_WRIST_ROLL_dq,R_WRIST_ROLL_tau,R_WRIST_PITCH_q,R_WRIST_PITCH_dq,R_WRIST_PITCH_tau,R_WRIST_YAW_q,R_WRIST_YAW_dq,R_WRIST_YAW_tau
1749031181.466827,0.08455348014831543,0.0,-0.125,-0.026391029357910156,0.01073786523193121,-0.125,-0.23923301696777344,0.00920388475060463,0.0625,1.0332159996032715,0.01073786523193121,-0.125,-0.37189245223999023,-0.006135923322290182,-0.0625,0.0,0.0,0.0,0.0,0.0,0.0,-0.02398848533630371,0.011999138630926609,-0.11186079680919647,0.03560996055603027,0.0,0.0625,-0.12814569473266602,0.015339807607233524,-0.1875,-0.04956245422363281,0.003067961661145091,0.0625,1.3429481983184814,0.0,0.0,-0.9608852863311768,-0.007669903803616762,0.0,0.0,0.0,0.0,0.0,0.0,0.0
1749031181.5665452,0.08455348014831543,-0.00920388475060463,-0.0625,-0.026391029357910156,-0.004601942375302315,-0.125,-0.23924541473388672,-0.004601942375302315,0.0625,1.0332159996032715,-0.004601942375302315,-0.0625,-0.3719162940979004,-0.006135923322290182,-0.0625,0.0,0.0,0.0,0.0,0.0,0.0,-0.0240018367767334,0.022284114733338356,-0.1677911877632141,0.035597801208496094,0.006135923322290182,0.125,-0.12814569473266602,0.0,-0.125,-0.04956245422363281,0.015339807607233524,0.0625,1.3430081605911255,-0.003067961661145091,0.125,-0.9608733654022217,-0.00920388475060463,-0.0625,0.0,0.0,0.0,0.0,0.0,0.0
1749031181.666382,0.08457732200622559,0.0,-0.125,-0.026391029357910156,0.0015339808305725455,-0.0625,-0.23922109603881836,0.0015339808305725455,0.0625,1.0332040786743164,-0.00920388475060463,-0.0625,-0.37189245223999023,0.007669903803616762,-0.0625,0.0,0.0,0.0,0.0,0.0,0.0,-0.0240018367767334,-0.018855789676308632,-0.22372159361839294,0.035597801208496094,0.0015339808305725455,0.0625,-0.12813377380371094,-0.013805827125906944,0.0,-0.049550533294677734,0.0,0.0625,1.3429961204528809,-0.004601942375302315,0.125,-0.9608733654022217,-0.0015339808305725455,-0.0625,0.0,0.0,0.0,0.0,0.0,0.0
1749031181.7661798,0.08455348014831543,-0.007669903803616762,-0.0625,-0.026391029357910156,0.01073786523193121,-0.125,-0.2392573356628418,0.0015339808305725455,0.0625,1.0331921577453613,0.004601942375302315,-0.125,-0.37188053131103516,0.0015339808305725455,-0.0625,0.0,0.0,0.0,0.0,0.0,0.0,-0.024028539657592773,-0.003428325057029724,-0.22372159361839294,0.035597801208496094,0.006135923322290182,0.0625,-0.12814569473266602,-0.0015339808305725455,-0.125,-0.049550533294677734,0.016873788088560104,0.0625,1.3429481983184814,-0.007669903803616762,0.125,-0.9608492851257324,0.01840776950120926,-0.0625,0.0,0.0,0.0,0.0,0.0,0.0
1749031181.8661282,0.08457732200622559,0.0,-0.0625,-0.026402950286865234,0.006135923322290182,-0.0625,-0.23922109603881836,-0.00920388475060463,0.0625,1.0332159996032715,-0.016873788088560104,-0.0625,-0.37189245223999023,-0.00920388475060463,-0.0625,0.0,0.0,0.0,0.0,0.0,0.0,-0.02398848533630371,-0.006856650114059448,-0.11186079680919647,0.035597801208496094,-0.003067961661145091,0.0625,-0.12812185287475586,-0.007669903803616762,-0.0625,-0.04956245422363281,0.0015339808305725455,0.0,1.3429481983184814,-0.013805827125906944,0.125,-0.9608733654022217,0.004601942375302315,-0.0625,0.0,0.0,0.0,0.0,0.0,0.0
1749031181.9665346,0.08455348014831543,0.00920388475060463,-0.125,-0.026402950286865234,-0.004601942375302315,-0.0625,-0.23924541473388672,0.003067961661145091,0.0625,1.0332279205322266,-0.013805827125906944,-0.0625,-0.3719043731689453,-0.003067961661145091,-0.0625,0.0,0.0,0.0,0.0,0.0,0.0,-0.02398848533630371,-0.018855789676308632,-0.1677911877632141,0.03563380241394043,0.004601942375302315,0.0625,-0.12814569473266602,-0.004601942375302315,-0.125,-0.049550533294677734,-0.007669903803616762,0.0625,1.342960238456726,0.006135923322290182,0.0625,-0.9608733654022217,-0.003067961661145091,-0.0625,0.0,0.0,0.0,0.0,0.0,0.0
1749031182.0664425,0.08455348014831543,-0.004601942375302315,-0.125,-0.026378989219665527,-0.006135923322290182,-0.0625,-0.23922109603881836,0.012271846644580364,0.0625,1.0332159996032715,-0.02147573046386242,-0.0625,-0.3719162940979004,0.0,-0.0625,0.0,0.0,0.0,0.0,0.0,0.0,-0.024015188217163086,0.027426600456237793,-0.22372159361839294,0.035597801208496094,-0.0015339808305725455,0.0625,-0.1281576156616211,-0.003067961661145091,-0.125,-0.04956245422363281,-0.00920388475060463,0.0625,1.342960238456726,0.016873788088560104,0.0625,-0.9608612060546875,0.003067961661145091,0.0,0.0,0.0,0.0,0.0,0.0,0.0
1749031182.166413,0.08457732200622559,0.004601942375302315,-0.0625,-0.026391029357910156,0.0,-0.0625,-0.23924541473388672,0.003067961661145091,0.0625,1.0332040786743164,-0.003067961661145091,-0.0625,-0.37189245223999023,0.016873788088560104,-0.0625,0.0,0.0,0.0,0.0,0.0,0.0,-0.02398848533630371,0.0,-0.22372159361839294,0.035585880279541016,-0.00920388475060463,0.125,-0.1281576156616211,-0.013805827125906944,-0.0625,-0.04956245422363281,0.0015339808305725455,0.0625,1.3429362773895264,-0.007669903803616762,0.0625,-0.9608733654022217,-0.004601942375302315,0.0,0.0,0.0,0.0,0.0,0.0,0.0
1749031182.2664464,0.08457732200622559,-0.00920388475060463,-0.0625,-0.026378989219665527,0.003067961661145091,-0.125,-0.23924541473388672,0.004601942375302315,0.0625,1.0332040786743164,0.006135923322290182,-0.125,-0.37189245223999023,0.004601942375302315,-0.0625,0.0,0.0,0.0,0.0,0.0,0.0,-0.024015188217163086,-0.015427464619278908,-0.1677911877632141,0.03562188148498535,0.006135923322290182,0.0625,-0.12814569473266602,-0.006135923322290182,-0.0625,-0.04956245422363281,0.003067961661145091,0.0625,1.3429721593856812,0.01840776950120926,0.0625,-0.9608492851257324,0.0,-0.0625,0.0,0.0,0.0,0.0,0.0,0.0
1749031182.3666737,0.08457732200622559,0.0,-0.0625,-0.026391029357910156,0.0,-0.0625,-0.23922109603881836,0.003067961661145091,0.0,1.0332159996032715,0.0,-0.0625,-0.37189245223999023,0.004601942375302315,-0.0625,0.0,0.0,0.0,0.0,0.0,0.0,-0.02398848533630371,-0.039425741881132126,0.0,0.035597801208496094,-0.0015339808305725455,0.0625,-0.12814569473266602,-0.004601942375302315,-0.0625,-0.049538612365722656,0.013805827125906944,0.0625,1.342960238456726,0.0,0.0625,-0.9608612060546875,-0.012271846644580364,-0.0625,0.0,0.0,0.0,0.0,0.0,0.0
1749031182.466687,0.08457732200622559,0.0,-0.125,-0.026391029357910156,0.004601942375302315,-0.125,-0.23924541473388672,0.003067961661145091,0.0625,1.0332040786743164,-0.023009711876511574,-0.0625,-0.37189245223999023,-0.01073786523193121,-0.0625,0.0,0.0,0.0,0.0,0.0,0.0,-0.023961782455444336,0.02571243792772293,-0.1677911877632141,0.035597801208496094,0.0,0.0625,-0.12814569473266602,0.004601942375302315,-0.125,-0.04956245422363281,-0.0015339808305725455,0.0625,1.342960238456726,-0.003067961661145091,0.0625,-0.9608612060546875,-0.0015339808305725455,-0.0625,0.0,0.0,0.0,0.0,0.0,0.0
1749031182.5667324,0.08455348014831543,0.003067961661145091,-0.125,-0.02636706829071045,0.0015339808305725455,-0.0625,-0.23924541473388672,0.006135923322290182,0.0625,1.0332040786743164,-0.015339807607233524,-0.0625,-0.37189245223999023,-0.006135923322290182,-0.0625,0.0,0.0,0.0,0.0,0.0,0.0,-0.0240018367767334,0.013713300228118896,-0.1677911877632141,0.03562188148498535,0.019941750913858414,0.0625,-0.12813377380371094,-0.003067961661145091,-0.0625,-0.049538612365722656,0.016873788088560104,0.0625,1.3429841995239258,0.013805827125906944,0.0625,-0.9608852863311768,0.0015339808305725455,0.0,0.0,0.0,0.0,0.0,0.0,0.0
1749031182.6667886,0.08455348014831543,0.0,-0.0625,-0.026391029357910156,-0.004601942375302315,-0.125,-0.23923301696777344,0.015339807607233524,0.0625,1.0332159996032715,-0.0015339808305725455,-0.0625,-0.37189245223999023,-0.00920388475060463,-0.0625,0.0,0.0,0.0,0.0,0.0,0.0,-0.024015188217163086,0.015427464619278908,-0.22372159361839294,0.03560996055603027,0.006135923322290182,0.0625,-0.1275944709777832,0.01073786523193121,-0.1875,-0.049538612365722656,0.003067961661145091,0.0625,1.3429242372512817,0.012271846644580364,0.0625,-0.9608612060546875,-0.0015339808305725455,0.0,0.0,0.0,0.0,0.0,0.0,0.0
1749031182.7665923,0.08457732200622559,0.007669903803616762,-0.0625,-0.026402950286865234,-0.0015339808305725455,-0.125,-0.23923301696777344,0.012271846644580364,0.0625,1.0332040786743164,-0.006135923322290182,-0.0625,-0.37189245223999023,0.003067961661145091,-0.0625,0.0,0.0,0.0,0.0,0.0,0.0,-0.024028539657592773,0.001714162528514862,-0.1677911877632141,0.035597801208496094,0.00920388475060463,0.0625,-0.1273787021636963,-0.015339807607233524,-0.0625,-0.049538612365722656,0.00920388475060463,0.0625,1.342960238456726,0.0,0.0625,-0.9608612060546875,-0.013805827125906944,-0.0625,0.0,0.0,0.0,0.0,0.0,0.0
1749031182.8671527,0.08457732200622559,0.0,-0.0625,-0.026391029357910156,-0.01073786523193121,-0.0625,-0.23924541473388672,0.01073786523193121,0.0625,1.0332040786743164,-0.007669903803616762,-0.0625,-0.37189245223999023,0.007669903803616762,-0.0625,0.0,0.0,0.0,0.0,0.0,0.0,-0.02388143539428711,-0.01714162714779377,-0.22372159361839294,0.0348668098449707,-0.006135923322290182,0.125,-0.12745070457458496,0.0015339808305725455,-0.0625,-0.049550533294677734,0.006135923322290182,0.0625,1.342840313911438,0.0,0.0625,-0.9608852863311768,-0.012271846644580364,0.0,0.0,0.0,0.0,0.0,0.0,0.0
1749031182.9672008,0.08457732200622559,0.0,-0.0625,-0.026402950286865234,-0.004601942375302315,-0.125,-0.23924541473388672,-0.007669903803616762,0.0625,1.0332040786743164,0.012271846644580364,-0.125,-0.37188053131103516,0.015339807607233524,-0.0625,0.0,0.0,0.0,0.0,0.0,0.0,-0.02386784553527832,-0.037711579352617264,-0.1677911877632141,0.03471112251281738,-0.00920388475060463,0.125,-0.12746262550354004,-0.004601942375302315,-0.0625,-0.049538612365722656,0.006135923322290182,0.0625,1.3427684307098389,0.007669903803616762,0.0625,-0.9608972072601318,-0.00920388475060463,-0.0625,0.0,0.0,0.0,0.0,0.0,0.0
1749031183.0671718,0.08455348014831543,-0.0015339808305725455,-0.125,-0.026391029357910156,-0.003067961661145091,-0.125,-0.23924541473388672,0.006135923322290182,0.0625,1.0332159996032715,-0.01073786523193121,0.0,-0.37189245223999023,0.004601942375302315,-0.0625,0.0,0.0,0.0,0.0,0.0,0.0,-0.023827791213989258,0.020569952204823494,-0.1677911877632141,0.03423166275024414,0.006135923322290182,0.125,-0.1282057762145996,-0.016873788088560104,-0.0625,-0.04961061477661133,-0.006135923322290182,0.0,1.3422890901565552,0.003067961661145091,0.125,-0.9608733654022217,-0.026077672839164734,-0.0625,0.0,0.0,0.0,0.0,0.0,0.0
1749031183.166819,0.08448147773742676,-0.0015339808305725455,-0.125,-0.026427030563354492,0.00920388475060463,-0.125,-0.23929309844970703,0.01073786523193121,0.0625,1.0332040786743164,-0.015339807607233524,-0.0625,-0.37192821502685547,-0.0015339808305725455,-0.0625,0.0,0.0,0.0,0.0,0.0,0.0,-0.023827791213989258,0.027426600456237793,-0.22372159361839294,0.030936002731323242,-0.07363107800483704,0.4375,-0.13286757469177246,-0.12732040882110596,0.5,-0.050449371337890625,-0.013805827125906944,0.0,1.3268893957138062,-0.1733398288488388,0.125,-0.9608373641967773,-0.003067961661145091,0.0,0.0,0.0,0.0,0.0,0.0,0.0
1749031183.2676258,0.08444571495056152,0.0015339808305725455,-0.0625,-0.026427030563354492,-0.0015339808305725455,-0.0625,-0.23929309844970703,0.0,0.0625,1.0331921577453613,-0.007669903803616762,-0.0625,-0.37189245223999023,0.0015339808305725455,-0.0625,0.0,0.0,0.0,0.0,0.0,0.0,-0.023318767547607422,0.001714162528514862,-0.1677911877632141,0.022798776626586914,-0.08283495903015137,0.5,-0.14392900466918945,-0.200951486825943,0.8125,-0.05066537857055664,0.00920388475060463,0.0625,1.3243128061294556,-0.007669903803616762,0.125,-0.960801362991333,0.003067961661145091,-0.0625,0.0,0.0,0.0,0.0,0.0,0.0
1749031183.3663526,0.0844576358795166,0.0,-0.0625,-0.02643895149230957,0.0,-0.125,-0.23929309844970703,0.0015339808305725455,0.0625,1.033179759979248,-0.00920388475060463,-0.0625,-0.37189245223999023,-0.012271846644580364,-0.0625,0.0,0.0,0.0,0.0,0.0,0.0,-0.02339911460876465,0.008570813573896885,-0.22372159361839294,0.01660299301147461,-0.09357282519340515,0.5625,-0.15913701057434082,-0.12732040882110596,0.5,-0.07384252548217773,-0.9081166386604309,0.0,1.311429738998413,-0.19481556117534637,0.1875,-0.9607775211334229,0.016873788088560104,-0.0625,0.0,0.0,0.0,0.0,0.0,0.0
1749031183.4669433,0.0844576358795166,-0.003067961661145091,-0.0625,-0.026414990425109863,0.0,-0.0625,-0.23929309844970703,0.026077672839164734,0.0625,1.0332040786743164,0.00920388475060463,-0.125,-0.37189245223999023,0.006135923322290182,-0.0625,0.0,0.0,0.0,0.0,0.0,0.0,-0.02339911460876465,-0.003428325057029724,-0.1677911877632141,0.011533498764038086,-0.04908738657832146,0.375,-0.17427301406860352,-0.17947575449943542,0.6875,-0.1354055404663086,-0.7992039918899536,0.0625,1.2756088972091675,-0.5169515013694763,0.1875,-0.9607894420623779,0.0015339808305725455,0.0,0.0,0.0,0.0,0.0,0.0,0.0
1749031183.5666058,0.08448147773742676,0.0015339808305725455,-0.125,-0.026462912559509277,-0.004601942375302315,-0.125,-0.23928117752075195,0.00920388475060463,0.0625,1.033167839050293,-0.015339807607233524,-0.0625,-0.3719162940979004,0.003067961661145091,-0.0625,0.0,0.0,0.0,0.0,0.0,0.0,-0.023225069046020508,-0.015427464619278908,-0.1677911877632141,0.006632089614868164,-0.08743690699338913,0.5625,-0.1843278408050537,-0.11044661700725555,0.4375,-0.26616525650024414,-1.7732818126678467,0.0,1.2199541330337524,-0.685689389705658,0.25,-0.9608254432678223,-0.02761165425181389,-0.0625,0.0,0.0,0.0,0.0,0.0,0.0
1749031183.6670249,0.0844576358795166,-0.013805827125906944,-0.0625,-0.026474952697753906,-0.016873788088560104,-0.0625,-0.2393050193786621,0.01073786523193121,0.0625,1.0332040786743164,0.007669903803616762,-0.125,-0.37192821502685547,0.004601942375302315,-0.0625,0.0,0.0,0.0,0.0,0.0,0.0,-0.023252010345458984,0.010284976102411747,-0.22372159361839294,-0.0026917457580566406,-0.1595340073108673,0.9375,-0.19084715843200684,-0.02454369328916073,0.0,-0.39688920974731445,-1.287009835243225,0.0625,1.1442737579345703,-0.7685243487358093,0.25,-0.9607775211334229,-0.01073786523193121,0.0,0.0,0.0,0.0,0.0,0.0,0.0
1749031183.7663517,0.0844576358795166,0.0,-0.0625,-0.026462912559509277,0.0015339808305725455,-0.0625,-0.23929309844970703,0.01073786523193121,0.0625,1.0332040786743164,-0.004601942375302315,-0.0625,-0.37189245223999023,0.013805827125906944,-0.0625,0.0,0.0,0.0,0.0,0.0,0.0,-0.022689342498779297,0.008570813573896885,-0.1677911877632141,-0.013417482376098633,-0.10277671366930008,0.5625,-0.19306421279907227,-0.05982524901628494,0.125,-0.48935985565185547,-0.503145694732666,0.0625,1.0793192386627197,-0.5859806537628174,0.1875,-0.9607293605804443,-0.003067961661145091,0.0,0.0,0.0,0.0,0.0,0.0,0.0
1749031183.866645,0.08448147773742676,-0.0015339808305725455,-0.0625,-0.026462912559509277,0.01073786523193121,-0.125,-0.23926925659179688,-0.007669903803616762,0.0625,1.033179759979248,0.007669903803616762,-0.125,-0.37189245223999023,0.0015339808305725455,-0.0625,0.0,0.0,0.0,0.0,0.0,0.0,-0.02285003662109375,0.013713300228118896,-0.3355823755264282,-0.020608186721801758,-0.03681553900241852,0.375,-0.19911623001098633,-0.06442718952894211,0.125,-0.5062813758850098,0.0015339808305725455,0.0,1.0207043886184692,-0.7025632262229919,0.25,-0.9606096744537354,0.0015339808305725455,-0.0625,0.0,0.0,0.0,0.0,0.0,0.0
1749031183.9667308,0.0844576358795166,0.004601942375302315,-0.125,-0.026474952697753906,0.003067961661145091,-0.125,-0.2393050193786621,-0.0015339808305725455,0.0,1.0331921577453613,-0.012271846644580364,-0.0625,-0.3719043731689453,-0.02147573046386242,-0.0625,0.0,0.0,0.0,0.0,0.0,0.0,-0.022783279418945312,0.0,-0.22372159361839294,-0.025725364685058594,-0.03834952041506767,0.3125,-0.2030951976776123,-0.032213594764471054,0.0,-0.5062813758850098,0.006135923322290182,0.0625,0.9450000524520874,-0.780796229839325,0.3125,-0.9604778289794922,0.0,-0.0625,0.0,0.0,0.0,0.0,0.0,0.0
1749031184.067167,0.08449363708496094,-0.003067961661145091,-0.0625,-0.026474952697753906,-0.01073786523193121,-0.0625,-0.23929309844970703,0.02147573046386242,0.0625,1.033179759979248,-0.023009711876511574,-0.0625,-0.3719043731689453,-0.007669903803616762,-0.0625,0.0,0.0,0.0,0.0,0.0,0.0,-0.022756338119506836,0.01714162714779377,-0.1677911877632141,-0.032772064208984375,-0.0951068103313446,0.5625,-0.20675039291381836,-0.0475534051656723,0.0625,-0.5063052177429199,0.006135923322290182,0.0,0.8886981010437012,-0.4279806315898895,0.1875,-0.9604179859161377,-0.01073786523193121,0.0,0.0,0.0,0.0,0.0,0.0,0.0
1749031184.166407,0.08448147773742676,-0.004601942375302315,-0.0625,-0.026486873626708984,-0.019941750913858414,-0.0625,-0.23926925659179688,0.023009711876511574,0.0625,1.033167839050293,-0.0015339808305725455,-0.0625,-0.3719162940979004,-0.013805827125906944,-0.0625,0.0,0.0,0.0,0.0,0.0,0.0,-0.022689342498779297,-0.001714162528514862,-0.1677911877632141,-0.04589486122131348,-0.08436894416809082,0.5,-0.209794282913208,-0.02147573046386242,0.0,-0.5063295364379883,0.0,0.0625,0.8543033599853516,-0.5691068768501282,0.1875,-0.9603579044342041,0.0015339808305725455,-0.0625,0.0,0.0,0.0,0.0,0.0,0.0
1749031184.2666132,0.08448147773742676,-0.012271846644580364,0.0,-0.026474952697753906,-0.00920388475060463,-0.0625,-0.23932886123657227,-0.0015339808305725455,0.0625,1.0331921577453613,0.00920388475060463,-0.125,-0.3719162940979004,-0.006135923322290182,-0.0625,0.0,0.0,0.0,0.0,0.0,0.0,-0.022448301315307617,0.011999138630926609,-0.1677911877632141,-0.05433177947998047,-0.06596117466688156,0.4375,-0.20990204811096191,-0.003067961661145091,-0.0625,-0.5059700012207031,-0.003067961661145091,0.0625,0.7927284240722656,-0.7946020364761353,0.3125,-0.9602260589599609,0.007669903803616762,-0.0625,0.0,0.0,0.0,0.0,0.0,0.0
1749031184.3665848,0.08443355560302734,-0.0015339808305725455,-0.0625,-0.026474952697753906,-0.0015339808305725455,-0.0625,-0.23929309844970703,0.0015339808305725455,0.0625,1.0331921577453613,0.00920388475060463,-0.125,-0.37192821502685547,0.0,-0.0625,0.0,0.0,0.0,0.0,0.0,0.0,-0.02183246612548828,0.013713300228118896,-0.2796519994735718,-0.06233716011047363,-0.10124272853136063,0.6875,-0.20975828170776367,0.007669903803616762,-0.0625,-0.5055146217346191,0.01073786523193121,0.0625,0.7173717021942139,-0.6948933005332947,0.25,-0.9602260589599609,-0.0015339808305725455,-0.0625,0.0,0.0,0.0,0.0,0.0,0.0
1749031184.4664624,0.08442163467407227,-0.01073786523193121,-0.0625,-0.026474952697753906,-0.007669903803616762,-0.0625,-0.23929309844970703,-0.007669903803616762,0.0625,1.033155918121338,-0.004601942375302315,-0.0625,-0.37194013595581055,-0.015339807607233524,-0.0625,0.0,0.0,0.0,0.0,0.0,0.0,-0.021283388137817383,-0.013713300228118896,-0.22372159361839294,-0.0688326358795166,-0.10431069135665894,0.6875,-0.20977020263671875,-0.006135923322290182,-0.0625,-0.5053586959838867,0.01073786523193121,0.0625,0.6511468887329102,-0.7148350477218628,0.25,-0.9602022171020508,0.0015339808305725455,-0.0625,0.0,0.0,0.0,0.0,0.0,0.0
1749031184.5666695,0.08444571495056152,-0.0015339808305725455,-0.0625,-0.026486873626708984,-0.007669903803616762,0.0,-0.2393050193786621,0.0,0.0625,1.033167839050293,-0.003067961661145091,-0.0625,-0.3719162940979004,-0.01840776950120926,-0.0625,0.0,0.0,0.0,0.0,0.0,0.0,-0.021256446838378906,-0.029140762984752655,-0.11186079680919647,-0.07967829704284668,-0.17794176936149597,0.9375,-0.20961451530456543,0.0,-0.0625,-0.5054187774658203,-0.003067961661145091,0.0625,0.5722906589508057,-0.8314175605773926,0.3125,-0.9602022171020508,-0.003067961661145091,-0.0625,0.0,0.0,0.0,0.0,0.0,0.0
1749031184.6665337,0.08437371253967285,-0.004601942375302315,-0.125,-0.026498913764953613,-0.007669903803616762,-0.0625,-0.2393169403076172,0.006135923322290182,0.0625,1.033179759979248,0.016873788088560104,-0.125,-0.3719162940979004,0.003067961661145091,-0.0625,0.0,0.0,0.0,0.0,0.0,0.0,-0.0208280086517334,0.013713300228118896,-0.22372159361839294,-0.09181833267211914,-0.1426602154970169,0.8125,-0.20972228050231934,-0.007669903803616762,-0.0625,-0.5040764808654785,0.007669903803616762,0.0625,0.48662734031677246,-0.8958447575569153,0.3125,-0.9602141380310059,-0.012271846644580364,-0.0625,0.0,0.0,0.0,0.0,0.0,0.0
1749031184.7665505,0.08438563346862793,-0.004601942375302315,-0.0625,-0.02652287483215332,0.0015339808305725455,-0.125,-0.23928117752075195,0.0015339808305725455,0.0625,1.0331201553344727,0.013805827125906944,-0.125,-0.3719043731689453,0.0,-0.0625,0.0,0.0,0.0,0.0,0.0,0.0,-0.02069401741027832,-0.01714162714779377,-0.1677911877632141,-0.10007548332214355,-0.07669904083013535,0.5,-0.20826029777526855,0.01840776950120926,-0.1875,-0.5023627281188965,0.05215534567832947,0.0625,0.39548730850219727,-1.0569127798080444,0.3125,-0.9602260589599609,0.0015339808305725455,-0.0625,0.0,0.0,0.0,0.0,0.0,0.0
1749031184.8669505,0.08437371253967285,0.003067961661145091,-0.1875,-0.0265347957611084,0.0,-0.0625,-0.23928117752075195,0.02147573046386242,0.0625,1.0331201553344727,-0.023009711876511574,0.0,-0.37189245223999023,0.0015339808305725455,-0.0625,0.0,0.0,0.0,0.0,0.0,0.0,-0.020720958709716797,-0.03256909176707268,-0.11186079680919647,-0.10629534721374512,-0.05522330850362778,0.375,-0.2071218490600586,-0.012271846644580364,-0.0625,-0.5014638900756836,0.004601942375302315,0.0625,0.2962460517883301,-0.9096506237983704,0.3125,-0.9602382183074951,0.015339807607233524,0.0,0.0,0.0,0.0,0.0,0.0,0.0
1749031184.9660897,0.08444571495056152,0.004601942375302315,-0.125,-0.0265347957611084,0.006135923322290182,-0.125,-0.23928117752075195,0.0015339808305725455,0.0625,1.0330963134765625,-0.012271846644580364,-0.0625,-0.37189245223999023,-0.003067961661145091,-0.0625,0.0,0.0,0.0,0.0,0.0,0.0,-0.021189451217651367,-0.02571243792772293,-0.11186079680919647,-0.10897970199584961,-0.04908738657832146,0.3125,-0.20694208145141602,0.01073786523193121,-0.1875,-0.5017514228820801,0.012271846644580364,0.0625,0.21312332153320312,-0.8252816796302795,0.3125,-0.9602620601654053,0.0015339808305725455,0.0,0.0,0.0,0.0,0.0,0.0,0.0
1749031185.0664604,0.0845174789428711,0.003067961661145091,-0.0625,-0.02652287483215332,0.003067961661145091,-0.125,-0.23924541473388672,0.013805827125906944,0.0,1.0331201553344727,0.0015339808305725455,-0.125,-0.3719043731689453,-0.004601942375302315,-0.0625,0.0,0.0,0.0,0.0,0.0,0.0,-0.02177882194519043,-0.030854929238557816,-0.1677911877632141,-0.11025023460388184,-0.01073786523193121,0.125,-0.20697808265686035,0.006135923322290182,-0.125,-0.5021586418151855,0.003067961661145091,0.0625,0.12856268882751465,-0.7715923190116882,0.25,-0.9602382183074951,0.01840776950120926,-0.0625,0.0,0.0,0.0,0.0,0.0,0.0
1749031185.166341,0.08457732200622559,-0.003067961661145091,-0.0625,-0.026486873626708984,0.01073786523193121,-0.125,-0.23924541473388672,-0.006135923322290182,0.0625,1.0331921577453613,-0.015339807607233524,-0.0625,-0.3719162940979004,-0.01073786523193121,-0.0625,0.0,0.0,0.0,0.0,0.0,0.0,-0.02369379997253418,-0.027426600456237793,-0.1677911877632141,-0.1103219985961914,0.004601942375302315,0.0,-0.20708584785461426,-0.00920388475060463,-0.0625,-0.5061378479003906,-0.05368932709097862,0.0625,0.05595040321350098,-0.7056311368942261,0.25,-0.9602260589599609,0.0,-0.0625,0.0,0.0,0.0,0.0,0.0,0.0
1749031185.2663174,0.08457732200622559,-0.0015339808305725455,-0.125,-0.0264509916305542,0.0015339808305725455,-0.0625,-0.23922109603881836,-0.003067961661145091,0.0625,1.033179759979248,0.004601942375302315,-0.125,-0.37189245223999023,-0.00920388475060463,-0.0625,0.0,0.0,0.0,0.0,0.0,0.0,-0.025930404663085938,-0.008570813573896885,-0.11186079680919647,-0.10848855972290039,0.04295146092772484,-0.0625,-0.20697808265686035,-0.007669903803616762,-0.125,-0.5075516700744629,-0.058291271328926086,0.0625,-0.013666152954101562,-0.7608544826507568,0.1875,-0.9602501392364502,-0.003067961661145091,-0.0625,0.0,0.0,0.0,0.0,0.0,0.0
1749031185.3665693,0.08457732200622559,0.0,-0.125,-0.026462912559509277,0.0015339808305725455,-0.0625,-0.23929309844970703,0.015339807607233524,0.0625,1.0332398414611816,0.00920388475060463,-0.0625,-0.37189245223999023,0.003067961661145091,-0.0625,0.0,0.0,0.0,0.0,0.0,0.0,-0.02764439582824707,0.01714162714779377,-0.22372159361839294,-0.10430598258972168,0.013805827125906944,0.0,-0.2066185474395752,0.07209710031747818,-0.375,-0.5408797264099121,-0.9065826535224915,0.0,-0.06975221633911133,-0.5414952039718628,0.1875,-0.9603099822998047,-0.012271846644580364,-0.0625,0.0,0.0,0.0,0.0,0.0,0.0
1749031185.4662516,0.08460140228271484,0.0015339808305725455,-0.125,-0.026486873626708984,-0.003067961661145091,-0.0625,-0.23929309844970703,0.01073786523193121,0.0,1.0332159996032715,-0.007669903803616762,-0.125,-0.37189245223999023,0.004601942375302315,-0.0625,0.0,0.0,0.0,0.0,0.0,0.0,-0.02740335464477539,0.010284976102411747,-0.11186079680919647,-0.10224461555480957,0.02454369328916073,0.0,-0.20392203330993652,0.03067961521446705,-0.25,-0.6240863800048828,-0.8191457390785217,0.0,-0.10983943939208984,-0.29145634174346924,0.1875,-0.9603219032287598,0.007669903803616762,-0.0625,0.0,0.0,0.0,0.0,0.0,0.0
1749031185.566582,0.08457732200622559,-0.006135923322290182,-0.0625,-0.026486873626708984,-0.01073786523193121,-0.0625,-0.23924541473388672,0.02147573046386242,0.0,1.033155918121338,0.012271846644580364,-0.125,-0.3719043731689453,-0.02454369328916073,-0.0625,0.0,0.0,0.0,0.0,0.0,0.0,-0.02753734588623047,-0.022284114733338356,-0.22372159361839294,-0.09989571571350098,0.019941750913858414,0.0,-0.2027115821838379,0.0015339808305725455,-0.0625,-0.708622932434082,-0.7838642001152039,0.0625,-0.13836193084716797,-0.21322332322597504,0.1875,-0.9603700637817383,-0.006135923322290182,-0.0625,0.0,0.0,0.0,0.0,0.0,0.0
1749031185.6669273,0.08461332321166992,0.0,-0.0625,-0.026486873626708984,-0.0015339808305725455,0.0,-0.23924541473388672,0.023009711876511574,0.0625,1.0332159996032715,-0.02147573046386242,-0.0625,-0.3719162940979004,-0.00920388475060463,-0.0625,0.0,0.0,0.0,0.0,0.0,0.0,-0.02752399444580078,0.0051424880512058735,-0.1677911877632141,-0.09554553031921387,0.09357282519340515,-0.3125,-0.20194458961486816,0.013805827125906944,-0.1875,-0.7950654029846191,-1.1688933372497559,0.0,-0.1669921875,-0.37889325618743896,0.1875,-0.9604058265686035,-0.00920388475060463,-0.0625,0.0,0.0,0.0,0.0,0.0,0.0
1749031185.7667143,0.08458948135375977,0.007669903803616762,-0.0625,-0.026498913764953613,0.0015339808305725455,-0.0625,-0.23929309844970703,-0.007669903803616762,0.0625,1.0331201553344727,0.003067961661145091,-0.125,-0.37192821502685547,-0.012271846644580364,-0.0625,0.0,0.0,0.0,0.0,0.0,0.0,-0.027657747268676758,-0.006856650114059448,-0.11186079680919647,-0.0923457145690918,0.08283495903015137,-0.25,-0.2022082805633545,-0.01840776950120926,0.0,-0.880465030670166,-0.6918253302574158,0.0,-0.18674230575561523,-0.17180584371089935,0.125,-0.9606335163116455,-0.023009711876511574,-0.0625,0.0,0.0,0.0,0.0,0.0,0.0
1749031185.8665829,0.08458948135375977,-0.003067961661145091,-0.0625,-0.02651083469390869,0.006135923322290182,-0.125,-0.2392573356628418,0.006135923322290182,0.0625,1.0332159996032715,0.003067961661145091,-0.125,-0.3719162940979004,-0.00920388475060463,-0.0625,0.0,0.0,0.0,0.0,0.0,0.0,-0.027992725372314453,-0.03428325429558754,-0.11186079680919647,-0.08739614486694336,0.09664078801870346,-0.3125,-0.20199251174926758,0.02147573046386242,-0.1875,-0.9470372200012207,-0.7424467206001282,0.0,-0.18814444541931152,0.0,0.0625,-0.9607293605804443,0.003067961661145091,0.0,0.0,0.0,0.0,0.0,0.0,0.0
1749031185.9671113,0.08458948135375977,0.004601942375302315,-0.125,-0.02651083469390869,-0.012271846644580364,-0.0625,-0.2392573356628418,0.01073786523193121,0.0625,1.0332279205322266,-0.004601942375302315,-0.0625,-0.37189245223999023,0.004601942375302315,-0.0625,0.0,0.0,0.0,0.0,0.0,0.0,-0.027671337127685547,0.02571243792772293,-0.1677911877632141,-0.08236289024353027,0.04601942375302315,-0.125,-0.2008659839630127,-0.0015339808305725455,-0.1875,-1.0209918022155762,-0.5645049214363098,0.0625,-0.1877608299255371,0.016873788088560104,0.0625,-0.9607534408569336,-0.007669903803616762,-0.0625,0.0,0.0,0.0,0.0,0.0,0.0
1749031186.0669875,0.08457732200622559,-0.004601942375302315,-0.125,-0.02651083469390869,-0.003067961661145091,-0.0625,-0.23923301696777344,0.006135923322290182,0.0625,1.0332040786743164,-0.004601942375302315,-0.0625,-0.37192821502685547,-0.012271846644580364,-0.0625,0.0,0.0,0.0,0.0,0.0,0.0,-0.028206825256347656,0.0051424880512058735,-0.11186079680919647,-0.07800054550170898,0.08743690699338913,-0.25,-0.19652771949768066,0.03528155758976936,-0.3125,-1.0825309753417969,-0.6105243563652039,0.0625,-0.18029475212097168,0.15800002217292786,0.0625,-0.9608373641967773,0.01073786523193121,-0.0625,0.0,0.0,0.0,0.0,0.0,0.0
1749031186.1665049,0.08457732200622559,0.003067961661145091,-0.125,-0.026474952697753906,0.003067961661145091,-0.0625,-0.23924541473388672,0.003067961661145091,0.0625,1.0332159996032715,-0.007669903803616762,-0.125,-0.3719162940979004,-0.01840776950120926,-0.0625,0.0,0.0,0.0,0.0,0.0,0.0,-0.029171228408813477,0.0051424880512058735,-0.1677911877632141,-0.069671630859375,0.14112623035907745,-0.5625,-0.19646787643432617,0.03528155758976936,-0.25,-1.1130428314208984,-0.3206019699573517,0.0625,-0.16177916526794434,0.06749515235424042,0.0625,-0.9610171318054199,-0.0015339808305725455,-0.0625,0.0,0.0,0.0,0.0,0.0,0.0
1749031186.2672274,0.08457732200622559,-0.007669903803616762,-0.125,-0.026486873626708984,0.0,-0.0625,-0.23924541473388672,0.003067961661145091,0.0625,1.0332159996032715,-0.004601942375302315,-0.0625,-0.37192821502685547,-0.015339807607233524,-0.0625,0.0,0.0,0.0,0.0,0.0,0.0,-0.02919793128967285,-0.011999138630926609,-0.1677911877632141,-0.05802297592163086,0.1426602154970169,-0.5625,-0.19543719291687012,0.01840776950120926,-0.1875,-1.1465024948120117,-0.3742913007736206,0.0625,-0.1591784954071045,0.13805827498435974,0.0625,-0.9609930515289307,-0.006135923322290182,-0.0625,0.0,0.0,0.0,0.0,0.0,0.0
1749031186.3670392,0.08458948135375977,0.0,-0.0625,-0.026498913764953613,0.0,-0.125,-0.23924541473388672,0.013805827125906944,0.0625,1.033179759979248,0.004601942375302315,-0.125,-0.3719162940979004,0.0,-0.0625,0.0,0.0,0.0,0.0,0.0,0.0,-0.02919793128967285,-0.030854929238557816,-0.11186079680919647,-0.0497896671295166,0.10277671366930008,-0.3125,-0.19507765769958496,-0.012271846644580364,0.0,-1.1761398315429688,-0.1595340073108673,0.0625,-0.11981034278869629,0.607456386089325,0.0,-0.9612927436828613,-0.004601942375302315,-0.0625,0.0,0.0,0.0,0.0,0.0,0.0
1749031186.4666758,0.08457732200622559,0.006135923322290182,-0.125,-0.026498913764953613,0.004601942375302315,-0.0625,-0.23924541473388672,-0.004601942375302315,0.0625,1.033276081085205,0.01073786523193121,-0.0625,-0.37188053131103516,0.00920388475060463,-0.0625,0.0,0.0,0.0,0.0,0.0,0.0,-0.029157638549804688,0.0,-0.1677911877632141,-0.0432581901550293,0.058291271328926086,-0.125,-0.19523334503173828,-0.02454369328916073,0.0,-1.2016901969909668,-0.6519418358802795,0.0625,-0.04801297187805176,0.7439807057380676,0.0,-0.9616522789001465,-0.007669903803616762,-0.0625,0.0,0.0,0.0,0.0,0.0,0.0
1749031186.5668292,0.08457732200622559,-0.006135923322290182,-0.0625,-0.026498913764953613,0.003067961661145091,-0.125,-0.2392573356628418,0.0,0.0625,1.0332159996032715,0.00920388475060463,-0.125,-0.37189245223999023,-0.0015339808305725455,-0.0625,0.0,0.0,0.0,0.0,0.0,0.0,-0.029130935668945312,-0.010284976102411747,-0.1677911877632141,-0.03865647315979004,0.03374757617712021,-0.0625,-0.1954970359802246,-0.01840776950120926,-0.0625,-1.2309074401855469,-0.12885437905788422,0.0625,0.009175777435302734,0.5169515013694763,0.0,-0.9617600440979004,0.01073786523193121,0.0,0.0,0.0,0.0,0.0,0.0,0.0
1749031186.6662884,0.08461332321166992,0.0,-0.0625,-0.026498913764953613,-0.006135923322290182,-0.0625,-0.23924541473388672,-0.0015339808305725455,0.0625,1.0332159996032715,0.007669903803616762,-0.125,-0.37192821502685547,-0.007669903803616762,-0.0625,0.0,0.0,0.0,0.0,0.0,0.0,-0.02986741065979004,-0.03256909176707268,0.0,-0.030555009841918945,0.1564660370349884,-0.6875,-0.19507765769958496,-0.00920388475060463,-0.0625,-1.2497467994689941,0.01073786523193121,0.0625,0.05754423141479492,0.6320000886917114,0.0,-0.9618079662322998,-0.003067961661145091,-0.0625,0.0,0.0,0.0,0.0,0.0,0.0
1749031186.7670271,0.08457732200622559,-0.0015339808305725455,-0.125,-0.026474952697753906,0.0,-0.0625,-0.23923301696777344,0.02147573046386242,0.0625,1.0332398414611816,-0.01073786523193121,-0.0625,-0.3719162940979004,0.0,-0.0625,0.0,0.0,0.0,0.0,0.0,0.0,-0.03016209602355957,-0.029140762984752655,-0.22372159361839294,-0.01821136474609375,0.15800002217292786,-0.5625,-0.19588065147399902,-0.03528155758976936,0.0,-1.2494831085205078,0.01073786523193121,0.0625,0.13634037971496582,0.8728350400924683,-0.0625,-0.9619159698486328,0.01073786523193121,-0.0625,0.0,0.0,0.0,0.0,0.0,0.0
1749031186.8666549,0.08460140228271484,0.0015339808305725455,-0.0625,-0.026474952697753906,0.0,-0.0625,-0.23924541473388672,0.01073786523193121,0.0625,1.0332279205322266,-0.007669903803616762,-0.0625,-0.3719162940979004,-0.0015339808305725455,-0.0625,0.0,0.0,0.0,0.0,0.0,0.0,-0.030135393142700195,-0.001714162528514862,-0.11186079680919647,-0.007077932357788086,0.0782330185174942,-0.25,-0.19598841667175293,0.007669903803616762,-0.125,-1.2494711875915527,0.012271846644580364,0.0625,0.22411298751831055,0.9295923709869385,-0.0625,-0.9618918895721436,-0.02147573046386242,-0.0625,0.0,0.0,0.0,0.0,0.0,0.0
1749031186.9666915,0.08455348014831543,0.0015339808305725455,-0.125,-0.026474952697753906,0.006135923322290182,-0.125,-0.23923301696777344,0.0,0.0625,1.0332398414611816,-0.00920388475060463,-0.0625,-0.37192821502685547,-0.01073786523193121,-0.0625,0.0,0.0,0.0,0.0,0.0,0.0,-0.03016209602355957,-0.01714162714779377,-0.1677911877632141,-0.0019485950469970703,0.03834952041506767,-0.0625,-0.19590449333190918,0.0015339808305725455,-0.0625,-1.2494831085205078,0.004601942375302315,0.0,0.3214607238769531,1.0829904079437256,-0.125,-0.9618558883666992,-0.02454369328916073,-0.0625,0.0,0.0,0.0,0.0,0.0,0.0
1749031187.0670485,0.08460140228271484,-0.006135923322290182,-0.0625,-0.026474952697753906,0.0,-0.0625,-0.2392573356628418,-0.02147573046386242,0.0625,1.0332517623901367,0.0015339808305725455,-0.0625,-0.37192821502685547,-0.029145635664463043,-0.0625,0.0,0.0,0.0,0.0,0.0,0.0,-0.030630826950073242,-0.018855789676308632,-0.11186079680919647,0.00395965576171875,0.08590292185544968,-0.3125,-0.19453835487365723,0.019941750913858414,-0.1875,-1.2496747970581055,0.004601942375302315,0.0625,0.4443950653076172,1.257864236831665,-0.0625,-0.9617600440979004,-0.004601942375302315,-0.0625,0.0,0.0,0.0,0.0,0.0,0.0
1749031187.1662316,0.08461332321166992,-0.006135923322290182,-0.0625,-0.026474952697753906,-0.0015339808305725455,-0.0625,-0.23924541473388672,-0.006135923322290182,0.0625,1.0332517623901367,-0.02761165425181389,-0.0625,-0.37192821502685547,0.003067961661145091,-0.0625,0.0,0.0,0.0,0.0,0.0,0.0,-0.03128695487976074,-0.001714162528514862,-0.1677911877632141,0.012384414672851562,0.13805827498435974,-0.5625,-0.19411897659301758,-0.0015339808305725455,-0.125,-1.2496628761291504,0.0015339808305725455,0.0625,0.5574661493301392,0.9679418802261353,-0.0625,-0.9617600440979004,-0.016873788088560104,-0.0625,0.0,0.0,0.0,0.0,0.0,0.0
1749031187.2665796,0.08461332321166992,0.0015339808305725455,-0.0625,-0.026486873626708984,-0.00920388475060463,-0.0625,-0.23923301696777344,0.00920388475060463,0.0625,1.0332517623901367,0.004601942375302315,-0.125,-0.37194013595581055,-0.006135923322290182,-0.0625,0.0,0.0,0.0,0.0,0.0,0.0,-0.03135395050048828,0.0051424880512058735,-0.22372159361839294,0.02044987678527832,0.0920388475060463,-0.3125,-0.1926567554473877,0.019941750913858414,-0.1875,-1.2494831085205078,0.016873788088560104,0.0625,0.6318162679672241,0.6749515533447266,0.0,-0.9617841243743896,0.015339807607233524,-0.0625,0.0,0.0,0.0,0.0,0.0,0.0
1749031187.366778,0.08461332321166992,-0.0015339808305725455,-0.0625,-0.026498913764953613,0.003067961661145091,-0.125,-0.23923301696777344,0.0015339808305725455,0.0625,1.0332517623901367,-0.013805827125906944,0.0,-0.37192821502685547,-0.00920388475060463,-0.0625,0.0,0.0,0.0,0.0,0.0,0.0,-0.030778169631958008,-0.013713300228118896,-0.1677911877632141,0.025159597396850586,0.05982524901628494,-0.125,-0.19132661819458008,-0.0015339808305725455,-0.1875,-1.2482728958129883,0.023009711876511574,0.0625,0.7076644897460938,0.7654564380645752,0.0,-0.9618439674377441,0.003067961661145091,-0.0625,0.0,0.0,0.0,0.0,0.0,0.0
1749031187.466117,0.08461332321166992,-0.007669903803616762,-0.0625,-0.026486873626708984,-0.00920388475060463,-0.0625,-0.2392573356628418,0.012271846644580364,0.0625,1.0332398414611816,0.0,-0.125,-0.3719162940979004,-0.006135923322290182,-0.0625,0.0,0.0,0.0,0.0,0.0,0.0,-0.030188798904418945,0.001714162528514862,-0.1677911877632141,0.026477813720703125,-0.013805827125906944,0.1875,-0.1895887851715088,0.02454369328916073,-0.25,-1.2468228340148926,0.17487381398677826,0.0,0.7667826414108276,0.526155412197113,0.0,-0.9618680477142334,0.0,0.0,0.0,0.0,0.0,0.0,0.0,0.0
1749031187.566338,0.08458948135375977,-0.007669903803616762,-0.0625,-0.026546835899353027,0.013805827125906944,-0.125,-0.23926925659179688,0.0015339808305725455,0.0625,1.0332517623901367,-0.006135923322290182,-0.0625,-0.3719162940979004,-0.00920388475060463,-0.0625,0.0,0.0,0.0,0.0,0.0,0.0,-0.02788543701171875,0.04113990440964699,-0.39151278138160706,0.025147676467895508,-0.08130098134279251,0.5,-0.18525052070617676,0.0613592304289341,-0.375,-1.2449889183044434,0.10431069135665894,0.0,0.807481050491333,0.4693981111049652,0.0,-0.9618799686431885,-0.00920388475060463,0.0,0.0,0.0,0.0,0.0,0.0,0.0
1749031187.6666644,0.08455348014831543,0.0,-0.125,-0.02669060230255127,-0.00920388475060463,-0.0625,-0.23935317993164062,0.00920388475060463,0.0625,1.0331921577453613,-0.01073786523193121,-0.0625,-0.3719162940979004,0.007669903803616762,-0.0625,0.0,0.0,0.0,0.0,0.0,0.0,-0.025876760482788086,-0.003428325057029724,-0.2796519994735718,0.023361921310424805,-0.0613592304289341,0.375,-0.1786952018737793,0.08283495903015137,-0.5,-1.1868534088134766,0.8314175605773926,0.0,0.8373936414718628,0.38196122646331787,0.0625,-0.9618439674377441,-0.016873788088560104,-0.0625,0.0,0.0,0.0,0.0,0.0,0.0
1749031187.766319,0.08460140228271484,0.0015339808305725455,-0.0625,-0.02684640884399414,0.0015339808305725455,-0.125,-0.2393050193786621,0.015339807607233524,0.0625,1.033155918121338,0.00920388475060463,-0.125,-0.3719162940979004,0.0,-0.0625,0.0,0.0,0.0,0.0,0.0,0.0,-0.02524733543395996,0.018855789676308632,-0.39151278138160706,0.02133655548095703,-0.006135923322290182,0.125,-0.17323040962219238,0.04295146092772484,-0.375,-1.07365083694458,1.4971652030944824,0.0,0.872543454170227,0.44332045316696167,0.0,-0.9617960453033447,-0.015339807607233524,-0.0625,0.0,0.0,0.0,0.0,0.0,0.0
1749031187.8671699,0.08455348014831543,-0.006135923322290182,-0.0625,-0.02685844898223877,-0.015339807607233524,-0.0625,-0.23935317993164062,0.003067961661145091,0.0625,1.033167839050293,-0.003067961661145091,-0.0625,-0.3719162940979004,-0.004601942375302315,-0.0625,0.0,0.0,0.0,0.0,0.0,0.0,-0.02459120750427246,0.018855789676308632,-0.22372159361839294,0.016818523406982422,-0.026077672839164734,0.3125,-0.16826891899108887,0.07669904083013535,-0.5,-0.9266762733459473,1.5431846380233765,0.0625,0.905667781829834,0.17947575449943542,0.0625,-0.9616522789001465,-0.00920388475060463,-0.0625,0.0,0.0,0.0,0.0,0.0,0.0
1749031187.966197,0.08455348014831543,-0.013805827125906944,-0.0625,-0.026894330978393555,0.006135923322290182,-0.0625,-0.23935317993164062,-0.0015339808305725455,0.0625,1.0331921577453613,-0.003067961661145091,-0.0625,-0.3719162940979004,-0.01073786523193121,-0.0625,0.0,0.0,0.0,0.0,0.0,0.0,-0.024189233779907227,0.02571243792772293,-0.3355823755264282,0.01273202896118164,-0.0782330185174942,0.5,-0.16248059272766113,0.04908738657832146,-0.4375,-0.7645416259765625,1.5048351287841797,0.0625,0.9059314727783203,0.0,0.125,-0.96136474609375,-0.01840776950120926,0.0,0.0,0.0,0.0,0.0,0.0,0.0
1749031188.0666115,0.08454155921936035,0.0015339808305725455,-0.0625,-0.026954293251037598,-0.007669903803616762,-0.0625,-0.2393169403076172,0.012271846644580364,0.0625,1.033155918121338,-0.00920388475060463,-0.0625,-0.3719043731689453,-0.006135923322290182,-0.0625,0.0,0.0,0.0,0.0,0.0,0.0,-0.023265361785888672,-0.001714162528514862,-0.1677911877632141,0.005805015563964844,-0.1365242898464203,0.75,-0.15876555442810059,0.05368932709097862,-0.375,-0.6115508079528809,1.385184645652771,0.125,0.9052603244781494,-0.07363107800483704,0.125,-0.9613046646118164,0.0,-0.0625,0.0,0.0,0.0,0.0,0.0,0.0
1749031188.1668537,0.08448147773742676,-0.006135923322290182,-0.0625,-0.027062177658081055,-0.0015339808305725455,-0.125,-0.23934125900268555,0.012271846644580364,0.0625,1.0331201553344727,-0.003067961661145091,-0.0625,-0.3719162940979004,0.0,-0.0625,0.0,0.0,0.0,0.0,0.0,0.0,-0.022006511688232422,0.039425741881132126,-0.2796519994735718,-0.012063264846801758,-0.18561168015003204,0.9375,-0.15639257431030273,-0.015339807607233524,0.0,-0.48345136642456055,1.414330244064331,0.0625,0.8937075138092041,-0.19174760580062866,0.1875,-0.9613525867462158,-0.015339807607233524,-0.0625,0.0,0.0,0.0,0.0,0.0,0.0
1749031188.2669547,0.08432579040527344,-0.007669903803616762,-0.0625,-0.02725386619567871,-0.006135923322290182,-0.125,-0.2393050193786621,-0.003067961661145091,0.0625,1.0330004692077637,0.0015339808305725455,-0.125,-0.37192821502685547,-0.007669903803616762,-0.0625,0.0,0.0,0.0,0.0,0.0,0.0,-0.020077943801879883,0.008570813573896885,-0.22372159361839294,-0.02779865264892578,-0.14419420063495636,0.875,-0.1549663543701172,0.02147573046386242,-0.1875,-0.3663654327392578,1.1121361255645752,0.0,0.8659161329269409,-0.5184854865074158,0.1875,-0.9615445137023926,-0.0015339808305725455,-0.0625,0.0,0.0,0.0,0.0,0.0,0.0
1749031188.3660336,0.08426594734191895,0.0,-0.0625,-0.027361750602722168,0.0015339808305725455,-0.125,-0.23929309844970703,0.01073786523193121,0.0625,1.0330123901367188,0.007669903803616762,-0.125,-0.3719043731689453,-0.0015339808305725455,-0.0625,0.0,0.0,0.0,0.0,0.0,0.0,-0.019622802734375,0.003428325057029724,-0.2796519994735718,-0.0430905818939209,-0.20248545706272125,1.0625,-0.15403175354003906,-0.003067961661145091,-0.0625,-0.2603893280029297,0.9894176125526428,0.125,0.7946698665618896,-0.9096506237983704,0.3125,-0.961592435836792,-0.004601942375302315,-0.0625,0.0,0.0,0.0,0.0,0.0,0.0
1749031188.4666443,0.08411002159118652,-0.007669903803616762,-0.0625,-0.027469635009765625,-0.0015339808305725455,-0.0625,-0.2393169403076172,0.004601942375302315,0.0625,1.0329880714416504,0.003067961661145091,-0.125,-0.3719162940979004,0.003067961661145091,-0.0625,0.0,0.0,0.0,0.0,0.0,0.0,-0.018511295318603516,0.04456822946667671,-0.2796519994735718,-0.05553007125854492,-0.1365242898464203,0.6875,-0.15119147300720215,0.08283495903015137,-0.5625,-0.21568775177001953,0.0951068103313446,0.0625,0.6803404092788696,-1.2133787870407104,0.375,-0.9616162776947021,-0.003067961661145091,0.0,0.0,0.0,0.0,0.0,0.0,0.0
1749031188.566618,0.08407402038574219,-0.003067961661145091,-0.0625,-0.027553439140319824,-0.003067961661145091,-0.0625,-0.2393169403076172,-0.003067961661145091,0.0625,1.0328803062438965,0.019941750913858414,-0.125,-0.3719043731689453,-0.007669903803616762,-0.0625,0.0,0.0,0.0,0.0,0.0,0.0,-0.018095970153808594,0.015427464619278908,-0.2796519994735718,-0.06424260139465332,-0.0920388475060463,0.625,-0.14824318885803223,0.00920388475060463,-0.125,-0.21326732635498047,-0.015339807607233524,0.0625,0.5527923107147217,-1.4710875749588013,0.4375,-0.961484432220459,0.004601942375302315,-0.0625,0.0,0.0,0.0,0.0,0.0,0.0
1749031188.6666584,0.08411002159118652,-0.007669903803616762,-0.0625,-0.027613401412963867,0.0,-0.0625,-0.23926925659179688,0.006135923322290182,0.0625,1.0328564643859863,0.0,-0.125,-0.3719162940979004,-0.01840776950120926,-0.0625,0.0,0.0,0.0,0.0,0.0,0.0,-0.018256664276123047,-0.029140762984752655,-0.11186079680919647,-0.07064223289489746,-0.06749515235424042,0.5,-0.1474761962890625,0.03067961521446705,-0.1875,-0.22354936599731445,-0.15493206679821014,0.0,0.39582300186157227,-1.7978254556655884,0.5,-0.9613168239593506,-0.006135923322290182,-0.0625,0.0,0.0,0.0,0.0,0.0,0.0
1749031188.7667124,0.08427786827087402,0.0,-0.0625,-0.027697324752807617,-0.00920388475060463,-0.0625,-0.23926925659179688,-0.023009711876511574,0.0625,1.03291654586792,0.003067961661145091,-0.125,-0.37189245223999023,0.003067961661145091,-0.0625,0.0,0.0,0.0,0.0,0.0,0.0,-0.019033432006835938,0.010284976102411747,-0.22372159361839294,-0.08090066909790039,-0.1426602154970169,0.8125,-0.14757227897644043,0.0,-0.0625,-0.2263178825378418,-0.05062136426568031,0.0,0.22060155868530273,-1.7380002737045288,0.4375,-0.961256742477417,-0.003067961661145091,-0.0625,0.0,0.0,0.0,0.0,0.0,0.0
1749031188.8667066,0.08449363708496094,-0.0015339808305725455,-0.125,-0.027625441551208496,-0.02147573046386242,0.0,-0.2392573356628418,-0.0015339808305725455,0.0625,1.0331921577453613,0.0,-0.0625,-0.3719162940979004,-0.01840776950120926,-0.0625,0.0,0.0,0.0,0.0,0.0,0.0,-0.0215914249420166,-0.05828152596950531,-0.11186079680919647,-0.0863654613494873,-0.00920388475060463,0.1875,-0.14807558059692383,0.04295146092772484,-0.3125,-0.24309587478637695,-0.604388415813446,0.0625,0.04484081268310547,-1.7426022291183472,0.4375,-0.961137056350708,0.016873788088560104,0.0,0.0,0.0,0.0,0.0,0.0,0.0
1749031188.9670143,0.08455348014831543,0.0,-0.0625,-0.027649402618408203,-0.013805827125906944,-0.0625,-0.23920917510986328,0.026077672839164734,0.0625,1.033167839050293,-0.019941750913858414,-0.0625,-0.3719162940979004,-0.003067961661145091,-0.0625,0.0,0.0,0.0,0.0,0.0,0.0,-0.022006511688232422,-0.015427464619278908,-0.1677911877632141,-0.08825898170471191,-0.016873788088560104,0.1875,-0.14764404296875,-0.012271846644580364,-0.0625,-0.3202981948852539,-1.0461748838424683,0.0625,-0.11498069763183594,-1.320757508277893,0.375,-0.9608972072601318,0.003067961661145091,-0.0625,0.0,0.0,0.0,0.0,0.0,0.0
1749031189.0660026,0.08455348014831543,-0.003067961661145091,-0.125,-0.02768528461456299,-0.00920388475060463,-0.125,-0.23923301696777344,0.006135923322290182,0.0625,1.0332159996032715,-0.00920388475060463,-0.0625,-0.37189245223999023,-0.0015339808305725455,-0.0625,0.0,0.0,0.0,0.0,0.0,0.0,-0.022568941116333008,-0.013713300228118896,-0.11186079680919647,-0.08798336982727051,0.015339807607233524,0.0625,-0.14699697494506836,0.01073786523193121,-0.1875,-0.444610595703125,-1.714990496635437,0.0,-0.22336602210998535,-0.9295923709869385,0.3125,-0.9608852863311768,-0.013805827125906944,-0.0625,0.0,0.0,0.0,0.0,0.0,0.0
1749031189.1666152,0.08455348014831543,-0.0015339808305725455,-0.125,-0.02766132354736328,0.004601942375302315,-0.125,-0.23923301696777344,0.003067961661145091,0.0625,1.0332279205322266,-0.004601942375302315,-0.0625,-0.3719043731689453,0.0,-0.0625,0.0,0.0,0.0,0.0,0.0,0.0,-0.0233457088470459,-0.022284114733338356,-0.11186079680919647,-0.08785152435302734,0.007669903803616762,0.0625,-0.14643359184265137,0.012271846644580364,-0.1875,-0.6072845458984375,-1.8990682363510132,0.0625,-0.28713417053222656,-0.47400006651878357,0.1875,-0.9608733654022217,-0.015339807607233524,-0.0625,0.0,0.0,0.0,0.0,0.0,0.0
1749031189.2667062,0.08458948135375977,-0.0015339808305725455,-0.0625,-0.027649402618408203,0.0,-0.125,-0.2392573356628418,0.0,0.0625,1.0332636833190918,0.0,-0.0625,-0.37189245223999023,0.01073786523193121,-0.0625,0.0,0.0,0.0,0.0,0.0,0.0,-0.024457216262817383,-0.011999138630926609,-0.11186079680919647,-0.08640146255493164,0.05522330850362778,-0.0625,-0.14649367332458496,-0.0015339808305725455,0.0,-0.7854537963867188,-1.7916895151138306,0.0,-0.3014192581176758,0.003067961661145091,0.125,-0.9609091281890869,-0.013805827125906944,-0.0625,0.0,0.0,0.0,0.0,0.0,0.0
1749031189.367018,0.08458948135375977,-0.004601942375302315,-0.0625,-0.027637362480163574,0.004601942375302315,-0.125,-0.2392573356628418,0.003067961661145091,0.0625,1.0332398414611816,-0.0015339808305725455,0.0,-0.3719162940979004,-0.00920388475060463,-0.0625,0.0,0.0,0.0,0.0,0.0,0.0,-0.025341033935546875,-0.006856650114059448,-0.1677911877632141,-0.08290219306945801,0.04908738657832146,-0.0625,-0.14650559425354004,-0.01073786523193121,-0.0625,-0.9487032890319824,-1.3176895380020142,0.125,-0.2977762222290039,0.09664078801870346,0.0625,-0.9609212875366211,-0.007669903803616762,-0.0625,0.0,0.0,0.0,0.0,0.0,0.0
1749031189.4660368,0.08458948135375977,0.01073786523193121,-0.125,-0.027613401412963867,0.0,-0.0625,-0.23923301696777344,0.015339807607233524,0.0625,1.0332159996032715,-0.003067961661145091,-0.0625,-0.3719043731689453,-0.003067961661145091,0.0,0.0,0.0,0.0,0.0,0.0,0.0,-0.026104450225830078,-0.015427464619278908,-0.1677911877632141,-0.07961845397949219,0.058291271328926086,-0.1875,-0.14617013931274414,-0.0015339808305725455,-0.125,-1.0788159370422363,-1.2072428464889526,0.0,-0.272813081741333,0.45099034905433655,0.0,-0.9614005088806152,-0.015339807607233524,-0.0625,0.0,0.0,0.0,0.0,0.0,0.0
1749031189.5666323,0.08460140228271484,0.00920388475060463,-0.125,-0.027565479278564453,0.0015339808305725455,-0.0625,-0.23922109603881836,0.016873788088560104,0.0625,1.0332517623901367,-0.004601942375302315,-0.125,-0.37188053131103516,0.00920388475060463,-0.0625,0.0,0.0,0.0,0.0,0.0,0.0,-0.02693462371826172,0.006856650114059448,-0.22372159361839294,-0.07174491882324219,0.10124272853136063,-0.3125,-0.14614605903625488,-0.006135923322290182,-0.0625,-1.174581527709961,-0.8375535011291504,0.0,-0.2158041000366211,0.7163690328598022,0.0,-0.9614605903625488,0.012271846644580364,0.0,0.0,0.0,0.0,0.0,0.0,0.0
1749031189.66672,0.08460140228271484,0.0,-0.0625,-0.027565479278564453,0.003067961661145091,-0.0625,-0.23926925659179688,-0.012271846644580364,0.0625,1.0332517623901367,-0.02454369328916073,0.0,-0.37189245223999023,-0.003067961661145091,-0.0625,0.0,0.0,0.0,0.0,0.0,0.0,-0.027028322219848633,0.001714162528514862,-0.1677911877632141,-0.06098294258117676,0.16566991806030273,-0.6875,-0.14650559425354004,-0.006135923322290182,-0.0625,-1.2530546188354492,-0.32520392537117004,0.125,-0.1387333869934082,0.9357282519340515,-0.0625,-0.9615802764892578,-0.01840776950120926,-0.0625,0.0,0.0,0.0,0.0,0.0,0.0
1749031189.7671752,0.08457732200622559,0.007669903803616762,-0.125,-0.02760148048400879,0.004601942375302315,-0.1875,-0.2391972541809082,0.0,0.0625,1.0332517623901367,0.003067961661145091,-0.0625,-0.3719043731689453,0.004601942375302315,-0.0625,0.0,0.0,0.0,0.0,0.0,0.0,-0.028273820877075195,-0.0359974168241024,0.0,-0.04809999465942383,0.1564660370349884,-0.5625,-0.14728450775146484,0.006135923322290182,-0.125,-1.2972044944763184,-0.12425244599580765,0.0625,-0.018483638763427734,1.4250681400299072,-0.1875,-0.9617481231689453,-0.013805827125906944,-0.0625,0.0,0.0,0.0,0.0,0.0,0.0
1749031189.8667815,0.08458948135375977,-0.0015339808305725455,-0.0625,-0.027697324752807617,-0.019941750913858414,-0.0625,-0.2392573356628418,0.012271846644580364,0.0625,1.0332517623901367,-0.004601942375302315,-0.125,-0.37189245223999023,-0.023009711876511574,-0.0625,0.0,0.0,0.0,0.0,0.0,0.0,-0.028983592987060547,0.0,-0.1677911877632141,-0.0402982234954834,0.058291271328926086,-0.1875,-0.14622998237609863,0.006135923322290182,-0.125,-1.3106026649475098,-0.1426602154970169,0.0625,0.1368558406829834,1.7333983182907104,-0.25,-0.9617841243743896,-0.004601942375302315,-0.0625,0.0,0.0,0.0,0.0,0.0,0.0
1749031189.9668338,0.08457732200622559,0.0,-0.125,-0.027697324752807617,-0.01073786523193121,-0.0625,-0.2392573356628418,-0.006135923322290182,0.0625,1.0332636833190918,0.0015339808305725455,-0.0625,-0.37189245223999023,-0.003067961661145091,-0.0625,0.0,0.0,0.0,0.0,0.0,0.0,-0.02855515480041504,-0.037711579352617264,-0.11186079680919647,-0.03550457954406738,0.07669904083013535,-0.25,-0.14583444595336914,0.003067961661145091,-0.125,-1.3252835273742676,-0.041417479515075684,0.0,0.2899184226989746,1.4373400211334229,-0.1875,-0.961820125579834,-0.006135923322290182,-0.0625,0.0,0.0,0.0,0.0,0.0,0.0
1749031190.067167,0.08455348014831543,0.003067961661145091,-0.0625,-0.027721285820007324,-0.006135923322290182,0.0,-0.23929309844970703,-0.006135923322290182,0.0625,1.0332999229431152,-0.016873788088560104,-0.0625,-0.37192821502685547,-0.006135923322290182,-0.0625,0.0,0.0,0.0,0.0,0.0,0.0,-0.028046131134033203,0.030854929238557816,-0.2796519994735718,-0.03019547462463379,0.07363107800483704,-0.25,-0.1454629898071289,0.004601942375302315,-0.125,-1.323185920715332,0.004601942375302315,0.0625,0.4361138343811035,1.544718623161316,-0.125,-0.9618079662322998,-0.012271846644580364,-0.0625,0.0,0.0,0.0,0.0,0.0,0.0
1749031190.1660414,0.0845174789428711,0.004601942375302315,-0.125,-0.02785313129425049,-0.0015339808305725455,-0.125,-0.2393169403076172,0.0015339808305725455,0.0625,1.0332159996032715,-0.004601942375302315,0.0,-0.3719162940979004,0.015339807607233524,-0.0625,0.0,0.0,0.0,0.0,0.0,0.0,-0.025582075119018555,-0.0051424880512058735,-0.1677911877632141,-0.029021024703979492,-0.0015339808305725455,0.125,-0.14473199844360352,0.003067961661145091,-0.1875,-1.30902099609375,0.3957670331001282,0.0,0.5948449373245239,1.6030099391937256,-0.25,-0.9618558883666992,0.015339807607233524,-0.0625,0.0,0.0,0.0,0.0,0.0,0.0
1749031190.2660453,0.08454155921936035,-0.004601942375302315,-0.0625,-0.02791297435760498,0.0,0.0,-0.23926925659179688,0.00920388475060463,0.0625,1.0332159996032715,-0.0015339808305725455,-0.0625,-0.3719162940979004,-0.03374757617712021,-0.0625,0.0,0.0,0.0,0.0,0.0,0.0,-0.025528430938720703,0.013713300228118896,-0.22372159361839294,-0.02797842025756836,-0.01073786523193121,0.0625,-0.1434495449066162,0.03834952041506767,-0.3125,-1.2162508964538574,1.1182719469070435,0.0,0.7511192560195923,1.5922720432281494,-0.1875,-0.9619758129119873,-0.019941750913858414,-0.0625,0.0,0.0,0.0,0.0,0.0,0.0
1749031190.3663971,0.0845174789428711,0.003067961661145091,-0.0625,-0.027972936630249023,-0.006135923322290182,-0.0625,-0.23928117752075195,0.007669903803616762,0.0625,1.033179759979248,-0.006135923322290182,-0.0625,-0.37188053131103516,0.003067961661145091,-0.0625,0.0,0.0,0.0,0.0,0.0,0.0,-0.024550914764404297,-0.020569952204823494,-0.1677911877632141,-0.029009103775024414,0.03067961521446705,0.0,-0.14068126678466797,0.032213594764471054,-0.25,-1.075148582458496,1.8484468460083008,0.0,0.8801653385162354,1.196505069732666,-0.0625,-0.9619159698486328,-0.015339807607233524,-0.0625,0.0,0.0,0.0,0.0,0.0,0.0
1749031190.4663653,0.08449363708496094,-0.007669903803616762,-0.0625,-0.028032898902893066,-0.003067961661145091,-0.0625,-0.23929309844970703,0.015339807607233524,0.0,1.0332398414611816,0.0,-0.0625,-0.3719162940979004,-0.006135923322290182,-0.0625,0.0,0.0,0.0,0.0,0.0,0.0,-0.024390220642089844,0.001714162528514862,-0.1677911877632141,-0.029057025909423828,0.01073786523193121,0.0625,-0.1359114646911621,0.10584467649459839,-0.625,-0.8946423530578613,2.0233206748962402,0.0625,0.9844042062759399,0.8697671294212341,-0.0625,-0.9618799686431885,0.003067961661145091,-0.0625,0.0,0.0,0.0,0.0,0.0,0.0
1749031190.5664055,0.0845174789428711,-0.003067961661145091,0.0,-0.028104782104492188,0.02147573046386242,-0.1875,-0.23926925659179688,0.0015339808305725455,0.0625,1.0332279205322266,-0.03528155758976936,-0.0625,-0.37189245223999023,0.0,-0.0625,0.0,0.0,0.0,0.0,0.0,0.0,-0.024457216262817383,0.006856650114059448,-0.22372159361839294,-0.028913259506225586,-0.032213594764471054,0.25,-0.1278700828552246,0.06289321184158325,-0.375,-0.7256169319152832,1.5033011436462402,0.0625,1.0583827495574951,0.780796229839325,-0.0625,-0.9618320465087891,0.019941750913858414,0.0,0.0,0.0,0.0,0.0,0.0,0.0
1749031190.6665897,0.08449363708496094,-0.004601942375302315,-0.0625,-0.028140664100646973,-0.00920388475060463,-0.0625,-0.2393050193786621,-0.012271846644580364,0.0625,1.0332040786743164,-0.004601942375302315,-0.0625,-0.37192821502685547,-0.015339807607233524,-0.0625,0.0,0.0,0.0,0.0,0.0,0.0,-0.02410888671875,-0.0051424880512058735,-0.1677911877632141,-0.029164791107177734,-0.004601942375302315,0.125,-0.12115883827209473,0.08436894416809082,-0.5,-0.5756821632385254,1.3468351364135742,0.0625,1.1205809116363525,0.6611457467079163,0.0,-0.9617841243743896,0.004601942375302315,-0.0625,0.0,0.0,0.0,0.0,0.0,0.0
1749031190.7666209,0.08449363708496094,-0.013805827125906944,-0.0625,-0.028200626373291016,0.004601942375302315,-0.125,-0.23929309844970703,-0.01073786523193121,0.0625,1.033179759979248,-0.007669903803616762,-0.0625,-0.37189245223999023,0.0,-0.0625,0.0,0.0,0.0,0.0,0.0,0.0,-0.024042129516601562,-0.015427464619278908,-0.11186079680919647,-0.028086185455322266,0.05522330850362778,-0.125,-0.11064887046813965,0.15033011138439178,-0.875,-0.4643125534057617,1.2655341625213623,0.0,1.146682620048523,0.0015339808305725455,0.0,-0.9616761207580566,0.0,-0.0625,0.0,0.0,0.0,0.0,0.0,0.0
1749031190.8661966,0.08449363708496094,0.0,-0.0625,-0.02823662757873535,-0.013805827125906944,-0.0625,-0.2393050193786621,-0.004601942375302315,0.0625,1.0332517623901367,0.004601942375302315,-0.0625,-0.37189245223999023,0.0015339808305725455,-0.0625,0.0,0.0,0.0,0.0,0.0,0.0,-0.02416253089904785,-0.001714162528514862,-0.22372159361839294,-0.024143457412719727,0.023009711876511574,0.0,-0.09772968292236328,0.17180584371089935,-0.9375,-0.39694929122924805,0.302194207906723,0.0625,1.146862268447876,-0.004601942375302315,0.0625,-0.9617242813110352,0.007669903803616762,0.0,0.0,0.0,0.0,0.0,0.0,0.0
1749031190.966384,0.08449363708496094,-0.004601942375302315,-0.0625,-0.028272509574890137,0.00920388475060463,-0.125,-0.23929309844970703,0.007669903803616762,0.0625,1.033167839050293,0.004601942375302315,-0.125,-0.3719043731689453,-0.0015339808305725455,-0.0625,0.0,0.0,0.0,0.0,0.0,0.0,-0.024082183837890625,-0.030854929238557816,-0.1677911877632141,-0.023316621780395508,0.003067961661145091,0.0625,-0.08352851867675781,0.08130098134279251,-0.5,-0.39565515518188477,0.004601942375302315,0.0625,1.1468263864517212,0.0,0.0625,-0.9617481231689453,0.004601942375302315,-0.0625,0.0,0.0,0.0,0.0,0.0,0.0
1749031191.0665061,0.08449363708496094,0.004601942375302315,-0.125,-0.028284549713134766,0.004601942375302315,-0.125,-0.23928117752075195,-0.012271846644580364,0.0625,1.0332040786743164,0.0,-0.0625,-0.37192821502685547,-0.016873788088560104,-0.0625,0.0,0.0,0.0,0.0,0.0,0.0,-0.024283170700073242,-0.013713300228118896,-0.1677911877632141,-0.020692110061645508,0.06749515235424042,-0.125,-0.07929801940917969,0.003067961661145091,-0.1875,-0.39690160751342773,0.0,0.0625,1.146910309791565,0.0,0.0625,-0.961712121963501,0.006135923322290182,-0.0625,0.0,0.0,0.0,0.0,0.0,0.0
1749031191.1661701,0.08457732200622559,0.0015339808305725455,-0.0625,-0.028272509574890137,0.0,-0.0625,-0.2393050193786621,-0.01073786523193121,0.0625,1.0332159996032715,-0.006135923322290182,-0.0625,-0.3719162940979004,0.004601942375302315,-0.0625,0.0,0.0,0.0,0.0,0.0,0.0,-0.024684906005859375,-0.011999138630926609,-0.22372159361839294,-0.015730619430541992,0.05062136426568031,-0.125,-0.07899832725524902,-0.004601942375302315,-0.0625,-0.3977522850036621,-0.0015339808305725455,0.0625,1.1471738815307617,0.023009711876511574,0.0,-0.961712121963501,-0.003067961661145091,0.0,0.0,0.0,0.0,0.0,0.0,0.0
1749031191.2662199,0.08455348014831543,-0.003067961661145091,-0.0625,-0.028272509574890137,-0.003067961661145091,-0.125,-0.2393050193786621,0.0,0.0625,1.0332279205322266,0.0,-0.125,-0.3719043731689453,-0.01073786523193121,-0.0625,0.0,0.0,0.0,0.0,0.0,0.0,-0.02507328987121582,-0.020569952204823494,-0.1677911877632141,-0.010253667831420898,0.07363107800483704,-0.1875,-0.07904648780822754,-0.012271846644580364,-0.125,-0.3983755111694336,0.0015339808305725455,0.0625,1.1474136114120483,0.012271846644580364,0.0625,-0.9617002010345459,0.0,0.0,0.0,0.0,0.0,0.0,0.0,0.0
1749031191.3662887,0.08457732200622559,0.003067961661145091,-0.125,-0.028296470642089844,0.0015339808305725455,-0.125,-0.23929309844970703,-0.0015339808305725455,0.0,1.0332159996032715,-0.007669903803616762,-0.125,-0.3719043731689453,-0.012271846644580364,-0.0625,0.0,0.0,0.0,0.0,0.0,0.0,-0.024966001510620117,-0.029140762984752655,-0.11186079680919647,-0.006670475006103516,0.004601942375302315,0.0,-0.07929801940917969,0.006135923322290182,-0.0625,-0.3986392021179199,-0.01840776950120926,0.0625,1.1543045043945312,0.12425244599580765,0.0625,-0.9617362022399902,-0.004601942375302315,-0.0625,0.0,0.0,0.0,0.0,0.0,0.0
1749031191.466649,0.08457732200622559,0.0,-0.125,-0.028296470642089844,-0.0015339808305725455,-0.0625,-0.23926925659179688,0.004601942375302315,0.0625,1.0332398414611816,-0.01073786523193121,-0.0625,-0.37189245223999023,0.0,-0.0625,0.0,0.0,0.0,0.0,0.0,0.0,-0.02501964569091797,-0.020569952204823494,-0.1677911877632141,-0.005603790283203125,0.04601942375302315,-0.0625,-0.07964563369750977,-0.003067961661145091,0.0,-0.3988189697265625,-0.003067961661145091,0.0625,1.1711183786392212,0.05368932709097862,0.0625,-0.961712121963501,-0.01840776950120926,-0.0625,0.0,0.0,0.0,0.0,0.0,0.0
1749031191.5665905,0.08460140228271484,0.00920388475060463,-0.0625,-0.028284549713134766,-0.003067961661145091,-0.0625,-0.2392573356628418,0.0015339808305725455,0.0625,1.0332159996032715,-0.026077672839164734,0.0,-0.3719162940979004,-0.003067961661145091,-0.0625,0.0,0.0,0.0,0.0,0.0,0.0,-0.025032997131347656,-0.003428325057029724,-0.11186079680919647,-0.0030393600463867188,0.026077672839164734,0.0,-0.07959771156311035,-0.003067961661145091,-0.0625,-0.3988308906555176,-0.004601942375302315,0.0625,1.1713581085205078,0.006135923322290182,0.0625,-0.9617002010345459,-0.023009711876511574,-0.0625,0.0,0.0,0.0,0.0,0.0,0.0
